"","Unnamed: 0","LEI_input","attributes.entity.legalName.name","attributes.entity.registeredAs","registeredAs_raw","registeredAs_type","resolved_CIK","resolution_confidence","resolved_company_name","resolved_series_name","resolved_class_name","resolved_CIK_padded10","edgar_name","edgar_entityType","edgar_category","edgar_error","iapd_error","source_type","FilingID","Fund ID","Fund Name","ReferenceID","Fund Type","Fund Type Other","Country","State","FILE_NUM_RAW","FILE_NUM_CLEAN","ACCESSIONNUMBER","FILING_DATE","SUBMISSIONTYPE","ENTITYNAME","STATEORCOUNTRY","STATEORCOUNTRYDESCRIPTION","JURISDICTIONOFINC","ENTITYTYPE","INDUSTRYGROUPTYPE","INVESTMENTFUNDTYPE","ISPOOLEDINVESTMENTFUNDTYPE","source_quarter_dir","edgar_entity_url","LEI","lei_match_status"
"1","19","2549002M024XDN7GA753","Global Macro Strategy US Fund LLC","0002019813","0002019813","SEC_CIK_PADDED","2019813","high",NA,NA,NA,"0002019813","Global Macro Strategy Fund US LLC","other",NA,NA,"Code HTTP 403 - None","IA",2076942,"805-7574287222","GLOBAL MACRO STRATEGY US FUND LLC",373133,"Hedge Fund",NA,"United States","Delaware","021-512299","021-512299","0002019813-25-000002","05-MAY-2025","D/A","Global Macro Strategy Fund US LLC","NY","NEW YORK","DELAWARE","Limited Liability Company","Pooled Investment Fund","Hedge Fund","true","2025Q2_d","https://www.sec.gov/edgar/browse/?CIK=0002019813&owner=exclude",NA,"ready_for_lei_enrichment"
"2","19","2549002M024XDN7GA753","Global Macro Strategy US Fund LLC","0002019813","0002019813","SEC_CIK_PADDED","2019813","high",NA,NA,NA,"0002019813","Global Macro Strategy Fund US LLC","other",NA,NA,"Code HTTP 403 - None","IA",2087666,"805-7574287222","GLOBAL MACRO STRATEGY US FUND LLC",373133,"Hedge Fund",NA,"United States","Delaware","021-512299","021-512299","0002019813-25-000002","05-MAY-2025","D/A","Global Macro Strategy Fund US LLC","NY","NEW YORK","DELAWARE","Limited Liability Company","Pooled Investment Fund","Hedge Fund","true","2025Q2_d","https://www.sec.gov/edgar/browse/?CIK=0002019813&owner=exclude",NA,"ready_for_lei_enrichment"
"3","19","2549002M024XDN7GA753","Global Macro Strategy US Fund LLC","0002019813","0002019813","SEC_CIK_PADDED","2019813","high",NA,NA,NA,"0002019813","Global Macro Strategy Fund US LLC","other",NA,NA,"Code HTTP 403 - None","IA",2088744,"805-7574287222","GLOBAL MACRO STRATEGY US FUND LLC",373133,"Hedge Fund",NA,"United States","Delaware","021-512299","021-512299","0002019813-25-000002","05-MAY-2025","D/A","Global Macro Strategy Fund US LLC","NY","NEW YORK","DELAWARE","Limited Liability Company","Pooled Investment Fund","Hedge Fund","true","2025Q2_d","https://www.sec.gov/edgar/browse/?CIK=0002019813&owner=exclude",NA,"ready_for_lei_enrichment"
"4","25","254900GN13SAL6XL5551","Partners Group IDF II-Series V","0002055418","0002055418","SEC_CIK_PADDED","2055418","high",NA,NA,NA,"0002055418","Partners Group IDF II - Series V, a series of Partners Group Insurance Dedicated Fund II, L.P.","other",NA,NA,"Code HTTP 403 - None","IA",2039964,"805-9485517509","PARTNERS GROUP IDF II - SERIES V, A SERIES OF PARTNERS GROUP INSURANCE DEDICATED FUND II, L.P.",374398,"Private Equity Fund",NA,"United States","Delaware","021-539503","021-539503","0002055418-25-000007","28-FEB-2025","D","Partners Group IDF II - Series V, a series of Partners Group Insurance Dedicated Fund II, L.P.","TX","TEXAS","DELAWARE","Limited Partnership","Pooled Investment Fund","Hedge Fund","true","2025Q1_d","https://www.sec.gov/edgar/browse/?CIK=0002055418&owner=exclude",NA,"ready_for_lei_enrichment"
"5","26","254900JAG35XQ9P2KI44","Partners Group Private Markets Insurance Fund II, a series of SALI Multi-Series Fund IX, L.P.","0002059782","0002059782","SEC_CIK_PADDED","2059782","high",NA,NA,NA,"0002059782","Partners Group Private Markets Insurance Fund II, a series of SALI Multi-Series Fund IX, L.P.","other",NA,NA,"Code HTTP 403 - None","IA",2039964,"805-9099551437","PARTNERS GROUP PRIVATE MARKETS INSURANCE FUND II, A SERIES OF SALI MULTI-SERIES FUND IX, L.P.",368805,"Private Equity Fund",NA,"United States","Delaware","021-540650","021-540650","0002059782-25-000001","12-MAR-2025","D","Partners Group Private Markets Insurance Fund II, a series of SALI Multi-Series Fund IX, L.P.","TX","TEXAS","DELAWARE","Limited Partnership","Pooled Investment Fund","Private Equity Fund","true","2025Q1_d","https://www.sec.gov/edgar/browse/?CIK=0002059782&owner=exclude",NA,"ready_for_lei_enrichment"
"6","59","54930006DV23XSSHE888","PARTNERS GROUP PRIVATE EQUITY II, LLC","0001756041","0001756041","SEC_CIK_PADDED","1756041","high",NA,NA,NA,"0001756041","Partners Group Private Equity II, LLC","other",NA,NA,"Code HTTP 403 - None","IA",2059109,"805-7035481227","PARTNERS GROUP PRIVATE EQUITY II, LLC",237362,"Private Equity Fund",NA,"United States","Delaware","021-323726","021-323726","0001756041-25-000003","10-OCT-2025","D/A","Partners Group Private Equity II, LLC","NY","NEW YORK","DELAWARE","Limited Liability Company","Pooled Investment Fund","Private Equity Fund","true","2025Q4_d","https://www.sec.gov/edgar/browse/?CIK=0001756041&owner=exclude",NA,"ready_for_lei_enrichment"
"7","62","5493000FWRF0ODIXGB49","Wellington-CIS Fixed Income Fund, L.P.","0001976344","0001976344","SEC_CIK_PADDED","1976344","high",NA,NA,NA,"0001976344","Wellington-CIS Fixed Income Fund, L.P.","other",NA,NA,"Code HTTP 403 - None","IA",2086044,"805-9870413418","WELLINGTON-CIS FIXED INCOME FUND, L.P.",367303,"Other Private Fund","POOLED INVESTMENT VEHICLE","United States","Delaware","021-481490","021-481490","0000919574-25-002795","09-MAY-2025","D/A","Wellington-CIS Fixed Income Fund, L.P.","MA","MASSACHUSETTS","DELAWARE","Limited Partnership","Pooled Investment Fund","Hedge Fund","true","2025Q2_d","https://www.sec.gov/edgar/browse/?CIK=0001976344&owner=exclude",NA,"ready_for_lei_enrichment"
"8","78","54930023UGLPTVI6M922","GMO Amplified Equity Dislocation Solution Fund, L.P.","0001779338","0001779338","SEC_CIK_PADDED","1779338","high",NA,NA,NA,"0001779338","GMO Amplified Equity Dislocation Solution Fund, L.P.","other",NA,NA,"Code HTTP 403 - None","IA",2057135,"805-3108604716","GMO AMPLIFIED EQUITY DISLOCATION SOLUTION FUND, L.P.",233731,"Hedge Fund",NA,"United States","Delaware","021-360040","021-360040","0001779338-24-000001","31-MAY-2024","D/A","GMO Amplified Equity Dislocation Solution Fund, L.P.","MA","MASSACHUSETTS","DELAWARE","Limited Partnership","Pooled Investment Fund","Hedge Fund","true","2024Q2_d","https://www.sec.gov/edgar/browse/?CIK=0001779338&owner=exclude",NA,"ready_for_lei_enrichment"
"9","98","5493004W9MRHT4S5MH34","WELLINGTON SELECT CHINA, L.P.","0001741878","0001741878","SEC_CIK_PADDED","1741878","high",NA,NA,NA,"0001741878","Wellington Select China, L.P.","other",NA,NA,"Code HTTP 403 - None","IA",2086835,"805-8771159338","WELLINGTON SELECT CHINA, L.P.",198758,"Other Private Fund","POOLED INVESTMENT VEHICLE","United States","Delaware","021-313863","021-313863","0000919574-25-007172","26-NOV-2025","D/A","Wellington Select China, L.P.","MA","MASSACHUSETTS","DELAWARE","Limited Partnership","Pooled Investment Fund","Other Investment Fund","true","2025Q4_d","https://www.sec.gov/edgar/browse/?CIK=0001741878&owner=exclude",NA,"ready_for_lei_enrichment"
"10","116","5493006BFSDSV1YLMW91","PARTNERS GROUP REAL ESTATE SECONDARY 2017 (USD) A, L.P.","0001688380","0001688380","SEC_CIK_PADDED","1688380","high",NA,NA,NA,"0001688380","Partners Group Real Estate Secondary 2017 (USD) A, L.P.","other",NA,NA,"Code HTTP 403 - None","ERA",2056899,"805-8378716371","PARTNERS GROUP REAL ESTATE SECONDARY 2017 (USD) A, L.P.",202065,"Private Equity Fund",NA,"United States","Delaware","021-273153","021-273153","0001688380-18-000001","2018-10-17 17:27:07","D/A","Partners Group Real Estate Secondary 2017 (USD) A, L.P.","NY","NEW YORK","DELAWARE","Limited Partnership","Pooled Investment Fund","Private Equity Fund","true","2018Q4_d","https://www.sec.gov/edgar/browse/?CIK=0001688380&owner=exclude",NA,"ready_for_lei_enrichment"
"11","116","5493006BFSDSV1YLMW91","PARTNERS GROUP REAL ESTATE SECONDARY 2017 (USD) A, L.P.","0001688380","0001688380","SEC_CIK_PADDED","1688380","high",NA,NA,NA,"0001688380","Partners Group Real Estate Secondary 2017 (USD) A, L.P.","other",NA,NA,"Code HTTP 403 - None","ERA",2088255,"805-8378716371","PARTNERS GROUP REAL ESTATE SECONDARY 2017 (USD) A, L.P.",202065,"Private Equity Fund",NA,"United States","Delaware","021-273153","021-273153","0001688380-18-000001","2018-10-17 17:27:07","D/A","Partners Group Real Estate Secondary 2017 (USD) A, L.P.","NY","NEW YORK","DELAWARE","Limited Partnership","Pooled Investment Fund","Private Equity Fund","true","2018Q4_d","https://www.sec.gov/edgar/browse/?CIK=0001688380&owner=exclude",NA,"ready_for_lei_enrichment"
"12","123","54930072S75KX35I1654","PIMCO Private Funds LLC: PIMCO Large Cap StocksPLUS Absolute Return Fund","0001460669","0001460669","SEC_CIK_PADDED","1460669","high",NA,NA,NA,"0001460669","PIMCO Private Funds LLC: PIMCO Large Cap StocksPLUS Absolute Return Fund","other",NA,NA,"Code HTTP 403 - None","IA",2068777,"805-7032151208","PIMCO LARGE CAP STOCKSPLUS ABSOLUTE RETURN FUND",31772,"Hedge Fund",NA,"United States","Delaware","021-130027","021-130027","0001460669-24-000001","04-DEC-2024","D/A","PIMCO Private Funds LLC: PIMCO Large Cap StocksPLUS Absolute Return Fund","CA","CALIFORNIA","DELAWARE","Limited Liability Company","Pooled Investment Fund","Hedge Fund","true","2024Q4_d","https://www.sec.gov/edgar/browse/?CIK=0001460669&owner=exclude",NA,"ready_for_lei_enrichment"
"13","131","5493007NDWGIZB3VR535","BlackRock Master Hedge, L.P. - Opportunistic Series","0001761602","0001761602","SEC_CIK_PADDED","1761602","high",NA,NA,NA,"0001761602","BlackRock Master Hedge, L.P. - Opportunistic Series","other",NA,NA,"Code HTTP 403 - None","IA",2063668,"805-4597454256","BLACKROCK MASTER HEDGE, L.P. - OPPORTUNISTIC SERIES",214329,"Hedge Fund",NA,"United States","Delaware","021-327927","021-327927","0002051806-25-000008","27-JAN-2025","D/A","BlackRock Master Hedge, L.P. - Opportunistic Series","WA","WASHINGTON","DELAWARE","Limited Partnership","Pooled Investment Fund","Other Investment Fund","true","2025Q1_d","https://www.sec.gov/edgar/browse/?CIK=0001761602&owner=exclude",NA,"ready_for_lei_enrichment"
"14","131","5493007NDWGIZB3VR535","BlackRock Master Hedge, L.P. - Opportunistic Series","0001761602","0001761602","SEC_CIK_PADDED","1761602","high",NA,NA,NA,"0001761602","BlackRock Master Hedge, L.P. - Opportunistic Series","other",NA,NA,"Code HTTP 403 - None","IA",2064908,"805-4597454256","BLACKROCK MASTER HEDGE, L.P. - OPPORTUNISTIC SERIES",214329,"Hedge Fund",NA,"United States","Delaware","021-327927","021-327927","0002051806-25-000008","27-JAN-2025","D/A","BlackRock Master Hedge, L.P. - Opportunistic Series","WA","WASHINGTON","DELAWARE","Limited Partnership","Pooled Investment Fund","Other Investment Fund","true","2025Q1_d","https://www.sec.gov/edgar/browse/?CIK=0001761602&owner=exclude",NA,"ready_for_lei_enrichment"
"15","145","5493008Z4B7A5G1CNX79","WILLIS TOWERS WATSON GROUP TRUST GLOBAL EQUITY FOCUS FUND","0001735176","0001735176","SEC_CIK_PADDED","1735176","high",NA,NA,NA,"0001735176","Willis Towers Watson Group Trust Global Equity Focus Fund","other",NA,NA,"Code HTTP 403 - None","IA",2049872,"805-6837945052","WILLIS TOWERS WATSON GROUP TRUST - GLOBAL EQUITY FOCUS FUND",201416,"Other Private Fund","POOLED INVESTMENT INTERESTS","United States","New York","021-308700","021-308700","0001735176-25-000003","21-MAR-2025","D/A","Willis Towers Watson Group Trust Global Equity Focus Fund","IL","ILLINOIS","NEW YORK","Other","Pooled Investment Fund","Other Investment Fund","true","2025Q1_d","https://www.sec.gov/edgar/browse/?CIK=0001735176&owner=exclude",NA,"ready_for_lei_enrichment"
"16","184","549300FIV6X4GHGGW934","PARTNERS GROUP REAL ESTATE OPPORTUNITIES 2019 (USD) A OPCO, L.P.","0001804722","0001804722","SEC_CIK_PADDED","1804722","high",NA,NA,NA,"0001804722","Partners Group Real Estate Opportunities 2019 (USD) A OpCo, L.P.","other",NA,NA,"Code HTTP 403 - None","ERA",2056899,"805-3814036516","PARTNERS GROUP REAL ESTATE OPPORTUNITIES 2019 (USD) A OPCO, L.P.",307353,"Real Estate Fund",NA,"United States","Delaware","021-361702","021-361702","0001804722-21-000001","30-JUL-2021","D/A","Partners Group Real Estate Opportunities 2019 (USD) A OpCo, L.P.","NY","NEW YORK","DELAWARE","Limited Partnership","Pooled Investment Fund","Private Equity Fund","true","2021Q3_d","https://www.sec.gov/edgar/browse/?CIK=0001804722&owner=exclude",NA,"ready_for_lei_enrichment"
"17","184","549300FIV6X4GHGGW934","PARTNERS GROUP REAL ESTATE OPPORTUNITIES 2019 (USD) A OPCO, L.P.","0001804722","0001804722","SEC_CIK_PADDED","1804722","high",NA,NA,NA,"0001804722","Partners Group Real Estate Opportunities 2019 (USD) A OpCo, L.P.","other",NA,NA,"Code HTTP 403 - None","ERA",2088255,"805-3814036516","PARTNERS GROUP REAL ESTATE OPPORTUNITIES 2019 (USD) A OPCO, L.P.",307353,"Real Estate Fund",NA,"United States","Delaware","021-361702","021-361702","0001804722-21-000001","30-JUL-2021","D/A","Partners Group Real Estate Opportunities 2019 (USD) A OpCo, L.P.","NY","NEW YORK","DELAWARE","Limited Partnership","Pooled Investment Fund","Private Equity Fund","true","2021Q3_d","https://www.sec.gov/edgar/browse/?CIK=0001804722&owner=exclude",NA,"ready_for_lei_enrichment"
"18","238","549300MWUEL07O7EEG37","PIMCO RED STICK FUND, L.P.","0001769131","0001769131","SEC_CIK_PADDED","1769131","high",NA,NA,NA,"0001769131","PIMCO Red Stick Fund, L.P.","other",NA,NA,"Code HTTP 403 - None","IA",2068777,"805-8310566431","PIMCO RED STICK FUND, L.P.",214612,"Hedge Fund",NA,"United States","Delaware","021-333729","021-333729","0001769131-19-000001","2019-02-27 16:29:17","D","PIMCO Red Stick Fund, L.P.","CA","CALIFORNIA","DELAWARE","Limited Partnership","Pooled Investment Fund","Hedge Fund","true","2019Q1_d","https://www.sec.gov/edgar/browse/?CIK=0001769131&owner=exclude",NA,"ready_for_lei_enrichment"
"19","308","549300UX4K985OI0S042","PARTNERS GROUP DIRECT EQUITY 2016 (USD) A, L.P.","0001652543","0001652543","SEC_CIK_PADDED","1652543","high",NA,NA,NA,"0001652543","Partners Group Direct Equity 2016 (USD) A, L.P.","other",NA,NA,"Code HTTP 403 - None","ERA",2056899,"805-7951707531","PARTNERS GROUP DIRECT EQUITY 2016 (USD) A, L.P.",186526,"Private Equity Fund",NA,"United States","Delaware","021-247230","021-247230","0001652543-16-000004","2016-09-20 10:13:00","D/A","Partners Group Direct Equity 2016 (USD) A, L.P.","NY","NEW YORK","DELAWARE","Limited Partnership","Pooled Investment Fund","Private Equity Fund","true","2016Q3_d","https://www.sec.gov/edgar/browse/?CIK=0001652543&owner=exclude",NA,"ready_for_lei_enrichment"
"20","308","549300UX4K985OI0S042","PARTNERS GROUP DIRECT EQUITY 2016 (USD) A, L.P.","0001652543","0001652543","SEC_CIK_PADDED","1652543","high",NA,NA,NA,"0001652543","Partners Group Direct Equity 2016 (USD) A, L.P.","other",NA,NA,"Code HTTP 403 - None","ERA",2088255,"805-7951707531","PARTNERS GROUP DIRECT EQUITY 2016 (USD) A, L.P.",186526,"Private Equity Fund",NA,"United States","Delaware","021-247230","021-247230","0001652543-16-000004","2016-09-20 10:13:00","D/A","Partners Group Direct Equity 2016 (USD) A, L.P.","NY","NEW YORK","DELAWARE","Limited Partnership","Pooled Investment Fund","Private Equity Fund","true","2016Q3_d","https://www.sec.gov/edgar/browse/?CIK=0001652543&owner=exclude",NA,"ready_for_lei_enrichment"
"21","311","549300V11UZMBI4OQN70","GMO Quality Spectrum Fund, L.P.","0001792327","0001792327","SEC_CIK_PADDED","1792327","high",NA,NA,NA,"0001792327","GMO Quality Spectrum Fund, L.P.","other",NA,NA,"Code HTTP 403 - None","IA",2057135,"805-9628022816","GMO QUALITY SPECTRUM FUND, L.P.",233681,"Hedge Fund",NA,"United States","Delaware","021-352951","021-352951","0001792327-25-000001","30-MAY-2025","D/A","GMO Quality Spectrum Fund, L.P.","MA","MASSACHUSETTS","DELAWARE","Limited Partnership","Pooled Investment Fund","Hedge Fund","true","2025Q2_d","https://www.sec.gov/edgar/browse/?CIK=0001792327&owner=exclude",NA,"ready_for_lei_enrichment"
"22","333","549300WV2DTN26XXCL60","GMO Equity Dislocation Fund, L.P.","0001834967","0001834967","SEC_CIK_PADDED","1834967","high",NA,NA,NA,"0001834967","GMO Equity Dislocation Fund, L.P.","other",NA,NA,"Code HTTP 403 - None","IA",2057135,"805-1772149108","GMO EQUITY DISLOCATION FUND, L.P.",251117,"Hedge Fund",NA,"United States","Delaware","021-382556","021-382556","0001834967-25-000001","30-MAY-2025","D/A","GMO Equity Dislocation Fund, L.P.","MA","MASSACHUSETTS","DELAWARE","Limited Partnership","Pooled Investment Fund","Hedge Fund","true","2025Q2_d","https://www.sec.gov/edgar/browse/?CIK=0001834967&owner=exclude",NA,"ready_for_lei_enrichment"
"23","339","549300XARXP5PO8I9C08","Partners Group Private Markets Longtail Insurance Dedicated Fund","0002055857","0002055857","SEC_CIK_PADDED","2055857","high",NA,NA,NA,"0002055857","Partners Group Private Markets Longtail Insurance Dedicated Fund, a series of Partners Group Insurance Dedicated Fund II, L.P.","other",NA,NA,"Code HTTP 403 - None","IA",2039964,"805-4141436398","PARTNERS GROUP PRIVATE MARKETS LONGTAIL INSURANCE DEDICATED FUND, A SERIES OF THE PARTNERS GROUP INSURANCE DEDICATED FUND II, LP",280035,"Private Equity Fund",NA,"United States","Delaware","021-539319","021-539319","0002055994-25-000002","26-FEB-2025","D","Partners Group Private Markets Longtail Insurance Dedicated Fund, a series of Partners Group Insurance Dedicated Fund II, L.P.","TX","TEXAS","DELAWARE","Limited Partnership","Pooled Investment Fund","Hedge Fund","true","2025Q1_d","https://www.sec.gov/edgar/browse/?CIK=0002055857&owner=exclude",NA,"ready_for_lei_enrichment"
"24","342","549300XWHYUIO6JR8D60","PIMCO HORSESHOE FUND, LP","0001624109","0001624109","SEC_CIK_PADDED","1624109","high",NA,NA,NA,"0001624109","PIMCO Horseshoe Fund, LP","other",NA,NA,"Code HTTP 403 - None","IA",2068777,"805-1612657555","PIMCO HORSESHOE FUND, LP",67746,"Hedge Fund",NA,"United States","Delaware","021-227972","021-227972","0001622695-14-000008","2014-11-10 09:50:26","D","PIMCO Horseshoe Fund, LP","CA","CALIFORNIA","DELAWARE","Limited Partnership","Pooled Investment Fund","Hedge Fund","true","2014Q4_d","https://www.sec.gov/edgar/browse/?CIK=0001624109&owner=exclude",NA,"ready_for_lei_enrichment"
"25","351","549300Z82ZJBWUAQZB67","PARTNERS GROUP SECONDARY 2015 (USD) A, L.P.","0001639519","0001639519","SEC_CIK_PADDED","1639519","high",NA,NA,NA,"0001639519","Partners Group Secondary 2015 (USD) A, L.P.","other",NA,NA,"Code HTTP 403 - None","ERA",2056899,"805-8168658363","PARTNERS GROUP SECONDARY 2015 (USD) A, L.P.",174193,"Private Equity Fund",NA,"United States","Delaware","021-238238","021-238238","0001639519-15-000001","2015-04-17 16:35:04","D","Partners Group Secondary 2015 (USD) A, L.P.","NY","NEW YORK","DELAWARE","Limited Partnership","Pooled Investment Fund","Private Equity Fund","true","2015Q2_d","https://www.sec.gov/edgar/browse/?CIK=0001639519&owner=exclude",NA,"ready_for_lei_enrichment"
"26","351","549300Z82ZJBWUAQZB67","PARTNERS GROUP SECONDARY 2015 (USD) A, L.P.","0001639519","0001639519","SEC_CIK_PADDED","1639519","high",NA,NA,NA,"0001639519","Partners Group Secondary 2015 (USD) A, L.P.","other",NA,NA,"Code HTTP 403 - None","ERA",2088255,"805-8168658363","PARTNERS GROUP SECONDARY 2015 (USD) A, L.P.",174193,"Private Equity Fund",NA,"United States","Delaware","021-238238","021-238238","0001639519-15-000001","2015-04-17 16:35:04","D","Partners Group Secondary 2015 (USD) A, L.P.","NY","NEW YORK","DELAWARE","Limited Partnership","Pooled Investment Fund","Private Equity Fund","true","2015Q2_d","https://www.sec.gov/edgar/browse/?CIK=0001639519&owner=exclude",NA,"ready_for_lei_enrichment"
"27","354","549300ZDVPH8X7PQXZ26","BOOTHBAY ABSOLUTE RETURN STRATEGIES, LP","0001609310","0001609310","SEC_CIK_PADDED","1609310","high",NA,NA,NA,"0001609310","Boothbay Absolute Return Strategies, LP","other",NA,NA,"Code HTTP 403 - None","IA",2072941,"805-5663558974","BOOTHBAY ABSOLUTE RETURN STRATEGIES, LP",71332,"Hedge Fund",NA,"United States","Delaware","021-218186","021-218186","0001609310-25-000002","13-MAY-2025","D/A","Boothbay Absolute Return Strategies, LP","NY","NEW YORK","DELAWARE","Limited Partnership","Pooled Investment Fund","Hedge Fund","true","2025Q2_d","https://www.sec.gov/edgar/browse/?CIK=0001609310&owner=exclude",NA,"ready_for_lei_enrichment"
"28","364","54PIC697C17T5KH3BL89","Arrowstreet International Equity - ACWI ex US Fund","0001573981","0001573981","SEC_CIK_PADDED","1573981","high",NA,NA,NA,"0001573981","Arrowstreet International Equity - ACWI ex US Fund, a sub-fund of Arrowstreet US Group Trust","other",NA,NA,"Code HTTP 403 - None","IA",2070458,"805-3819463409","ARROWSTREET INTERNATIONAL EQUITY - ACWI EX US FUND, A SUB-FUND OF ARROWSTREET US GROUP TRUST",30402,"Hedge Fund",NA,"United States","New York","021-233230","021-233230","0002054936-25-000032","23-APR-2025","D/A","Arrowstreet International Equity - ACWI ex US Fund, a sub-fund of Arrowstreet US Group Trust","MA","MASSACHUSETTS","NEW YORK","Other","Pooled Investment Fund","Hedge Fund","true","2025Q2_d","https://www.sec.gov/edgar/browse/?CIK=0001573981&owner=exclude",NA,"ready_for_lei_enrichment"
"29","365","54SYBCQ33IOZC7NWSZ70","PIMCO ABSOLUTE RETURN STRATEGY IV IDF LLC","0001426150","0001426150","SEC_CIK_PADDED","1426150","high",NA,NA,NA,"0001426150","PIMCO ABSOLUTE RETURN STRATEGY IV IDF LLC","other",NA,NA,"Code HTTP 403 - None","IA",2068777,"805-3821462051","PIMCO ABSOLUTE RETURN STRATEGY IV IDF LLC",32107,"Hedge Fund",NA,"United States","Delaware","021-114329","021-114329","0001426150-24-000001","04-DEC-2024","D/A","PIMCO ABSOLUTE RETURN STRATEGY IV IDF LLC","CA","CALIFORNIA","DELAWARE","Limited Liability Company","Pooled Investment Fund","Hedge Fund","true","2024Q4_d","https://www.sec.gov/edgar/browse/?CIK=0001426150&owner=exclude",NA,"ready_for_lei_enrichment"
"30","397","95F49HDOY1FD8ZNUFY78","Arrowstreet Global Equity - Alpha Extension Fund, a sub-fund of Arrowstreet US Group Trust","0001553829","0001553829","SEC_CIK_PADDED","1553829","high",NA,NA,NA,"0001553829","Arrowstreet Global Equity - Alpha Extension Fund, a sub-fund of Arrowstreet US Group Trust","other",NA,NA,"Code HTTP 403 - None","IA",2070458,"805-1448192121","ARROWSTREET GLOBAL EQUITY - ALPHA EXTENSION FUND, A SUB-FUND OF ARROWSTREET US GROUP TRUST",44606,"Hedge Fund",NA,"United States","New York","021-233225","021-233225","0002054936-25-000033","23-APR-2025","D/A","Arrowstreet Global Equity - Alpha Extension Fund, a sub-fund of Arrowstreet US Group Trust","MA","MASSACHUSETTS","NEW YORK","Other","Pooled Investment Fund","Hedge Fund","true","2025Q2_d","https://www.sec.gov/edgar/browse/?CIK=0001553829&owner=exclude",NA,"ready_for_lei_enrichment"
"31","418","CWCMGBWF5Z7EQCQY4Z94","Wellington Financials Absolute Return Fund, L.P.","0001143494","0001143494","SEC_CIK_PADDED","1143494","high",NA,NA,NA,"0001143494","Wellington Financials Absolute Return Fund, L.P.","other",NA,NA,"Code HTTP 403 - None","IA",2086044,"805-5933356589","WELLINGTON FINANCIALS ABSOLUTE RETURN FUND, L.P.",171322,"Hedge Fund",NA,"United States","Delaware","021-127878","021-127878","0000919574-25-002414","11-APR-2025","D/A","Wellington Financials Absolute Return Fund, L.P.","MA","MASSACHUSETTS","DELAWARE","Limited Partnership","Pooled Investment Fund","Hedge Fund","true","2025Q2_d","https://www.sec.gov/edgar/browse/?CIK=0001143494&owner=exclude",NA,"ready_for_lei_enrichment"
"32","528","QW46WU5Y2RDY41BTIO66","PERSHING SQUARE, L.P.","0001313682","0001313682","SEC_CIK_PADDED","1313682","high",NA,NA,NA,"0001313682","Pershing Square, L.P.","other",NA,NA,"Code HTTP 403 - None","IA",2073397,"805-5668139393","PERSHING SQUARE, L.P.",29560,"Hedge Fund",NA,"United States","Delaware","021-86232","021-86232","0001313682-25-000001","09-JUN-2025","D/A","Pershing Square, L.P.","NY","NEW YORK","DELAWARE","Limited Partnership","Pooled Investment Fund","Hedge Fund","true","2025Q2_d","https://www.sec.gov/edgar/browse/?CIK=0001313682&owner=exclude",NA,"ready_for_lei_enrichment"
"33","603","ZLVLNJQ1GP6Z3VQTT125","ELLIOTT ASSOCIATES, L.P.","0000904495","0000904495","SEC_CIK_PADDED","904495","high",NA,NA,NA,"0000904495","ELLIOTT ASSOCIATES, L.P.","other",NA,NA,"Code HTTP 403 - None","IA",2066527,"805-5338890460","ELLIOTT ASSOCIATES, L.P.",248506,"Hedge Fund",NA,"United States","Delaware","021-577227","021-577227","0001013594-26-000375","20-MAR-2026","D","ELLIOTT ASSOCIATES, L.P.","FL","FLORIDA","DELAWARE","Limited Partnership","Pooled Investment Fund","Hedge Fund","true","2026Q1_d","https://www.sec.gov/edgar/browse/?CIK=0000904495&owner=exclude",NA,"ready_for_lei_enrichment"
